Time,GeoType,GeoID,GeoRank,Geography,Age-adjusted percent,Number,Percent
2020,UHF42,101,4,Kingsbridge - Riverdale,"2.5* (1.0,6.0)",,"2.7* (1.1,6.5)"
2020,UHF42,102,4,Northeast Bronx,-,,-
2020,UHF42,103,4,Fordham - Bronx Pk,"4.7* (2.3,9.4)",,"4.5* (2.2,9.0)"
2020,UHF42,104,4,Pelham - Throgs Neck,"5.7* (2.6,12.2)",,"5.6* (2.5,12.3)"
2020,UHF42,105,4,Crotona -Tremont,"6 (3.6,9.9)",,"5.2 (3.1,8.5)"
2020,UHF42,106,4,High Bridge - Morrisania,"6 (3.6,9.9)",,"5.2 (3.1,8.5)"
2020,UHF42,107,4,Hunts Point - Mott Haven,"6 (3.6,9.9)",,"5.2 (3.1,8.5)"
2020,UHF42,201,4,Greenpoint,"1.2* (0.4,3.7)",,"1.3* (0.5,3.6)"
2020,UHF42,202,4,Downtown - Heights - Slope,"2.4* (1.1,4.9)",,"2.5* (1.2,5.4)"
2020,UHF42,203,4,Bedford Stuyvesant - Crown Heights,"6.6* (3.6,11.7)",,"6.1 (3.4,10.5)"
2020,UHF42,204,4,East New York,"3.9* (1.5,9.9)",,-
2020,UHF42,205,4,Sunset Park,-,,-
2020,UHF42,206,4,Borough Park,"3.4* (1.7,6.8)",,"3.4* (1.7,6.6)"
2020,UHF42,207,4,East Flatbush - Flatbush,"2.4* (1.1,5.1)",,"2.3* (1.0,4.8)"
2020,UHF42,208,4,Canarsie - Flatlands,"8* (3.0,19.4)",,"7.3* (3.0,16.6)"
2020,UHF42,209,4,Bensonhurst - Bay Ridge,"2.4* (0.9,6.0)",,"2.1* (0.8,5.3)"
2020,UHF42,210,4,Coney Island - Sheepshead Bay,"3.6* (1.6,8.1)",,"3.6* (1.7,7.5)"
2020,UHF42,211,4,Williamsburg - Bushwick,"5.5* (2.5,11.8)",,"5.6* (2.4,12.8)"
2020,UHF42,301,4,Washington Heights,"6.1* (2.6,13.6)",,"6.1* (2.5,14.3)"
2020,UHF42,302,4,Central Harlem - Morningside Heights,"7.9* (4.0,15.0)",,"7.5* (3.7,14.4)"
2020,UHF42,303,4,East Harlem,"12.6 (7.3,21.0)",,"12.1* (6.4,21.6)"
2020,UHF42,304,4,Upper West Side,"3.1* (1.3,7.3)",,"3.3* (1.3,7.7)"
2020,UHF42,305,4,Upper East Side,"2.3* (1.0,5.2)",,"2.3* (1.0,5.1)"
2020,UHF42,306,4,Chelsea - Clinton,"2* (0.8,5.0)",,"1.9* (0.7,4.7)"
2020,UHF42,307,4,Gramercy Park - Murray Hill,"2.3* (1.0,5.2)",,"2.3* (1.0,5.1)"
2020,UHF42,308,4,Greenwich Village - SoHo,"2* (0.8,5.0)",,"1.9* (0.7,4.7)"
2020,UHF42,309,4,Union Square - Lower East Side,"3.9* (2.2,7.0)",,"3.7* (2.0,6.8)"
2020,UHF42,310,4,Lower Manhattan,"3.9* (2.2,7.0)",,"3.7* (2.0,6.8)"
2020,UHF42,401,4,Long Island City - Astoria,"3.5* (1.3,8.6)",,-
2020,UHF42,402,4,West Queens,"0.9* (0.4,2.0)",,"1* (0.4,2.2)"
2020,UHF42,403,4,Flushing - Clearview,-,,-
2020,UHF42,404,4,Bayside - Little Neck,"3.6* (1.6,7.8)",,"3.6* (1.6,8.1)"
2020,UHF42,405,4,Ridgewood - Forest Hills,-,,-
2020,UHF42,406,4,Fresh Meadows,"3.6* (1.6,7.8)",,"3.6* (1.6,8.1)"
2020,UHF42,407,4,Southwest Queens,-,,-
2020,UHF42,408,4,Jamaica,"1.5* (0.6,3.5)",,"1.4* (0.6,3.5)"
2020,UHF42,409,4,Southeast Queens,"0* (.,.)",,"0* (.,.)"
2020,UHF42,410,4,Rockaways,-,,-
2020,UHF42,501,4,Port Richmond,-,,-
2020,UHF42,502,4,Stapleton - St. George,-,,-
2020,UHF42,503,4,Willowbrook,"5.2* (2.7,9.6)",,"5.2* (2.8,9.6)"
2020,UHF42,504,4,South Beach - Tottenville,"5.2* (2.7,9.6)",,"5.2* (2.8,9.6)"
2019,UHF42,101,4,Kingsbridge - Riverdale,-,,-
2019,UHF42,102,4,Northeast Bronx,"7.1* (2.9,16.7)",,"7.6* (3.0,17.8)"
2019,UHF42,103,4,Fordham - Bronx Pk,-,,-
2019,UHF42,104,4,Pelham - Throgs Neck,"8 (4.7,13.1)",,"8.1 (4.7,13.4)"
2019,UHF42,105,4,Crotona -Tremont,"6.2 (3.8,10.0)",,"6.4 (3.8,10.5)"
2019,UHF42,106,4,High Bridge - Morrisania,"6.2 (3.8,10.0)",,"6.4 (3.8,10.5)"
2019,UHF42,107,4,Hunts Point - Mott Haven,"6.2 (3.8,10.0)",,"6.4 (3.8,10.5)"
2019,UHF42,201,4,Greenpoint,"3.9* (1.8,8.3)",,"4.6* (2.1,9.8)"
2019,UHF42,202,4,Downtown - Heights - Slope,"6.2* (2.9,12.8)",,"5.3* (2.5,11.0)"
2019,UHF42,203,4,Bedford Stuyvesant - Crown Heights,"6.5* (3.3,12.2)",,"6.5* (3.2,12.5)"
2019,UHF42,204,4,East New York,"8.4* (3.4,19.4)",,"7.8* (3.1,18.4)"
2019,UHF42,205,4,Sunset Park,-,,-
2019,UHF42,206,4,Borough Park,"2.1* (1.1,4.1)",,"2* (1.0,3.8)"
2019,UHF42,207,4,East Flatbush - Flatbush,"7.1* (3.6,13.4)",,"6.9* (3.5,13.1)"
2019,UHF42,208,4,Canarsie - Flatlands,"6.5* (2.8,14.7)",,"6.7* (2.6,16.2)"
2019,UHF42,209,4,Bensonhurst - Bay Ridge,"8.5* (4.5,15.5)",,"8.3* (4.4,15.1)"
2019,UHF42,210,4,Coney Island - Sheepshead Bay,"2.7* (1.3,5.3)",,"2.8* (1.4,5.6)"
2019,UHF42,211,4,Williamsburg - Bushwick,"5.5* (2.6,11.6)",,"5.5* (2.5,11.7)"
2019,UHF42,301,4,Washington Heights,"8.4* (3.9,17.0)",,"10.1* (4.4,21.6)"
2019,UHF42,302,4,Central Harlem - Morningside Heights,"2.6* (1.2,5.4)",,"3* (1.4,6.4)"
2019,UHF42,303,4,East Harlem,"4.7* (1.8,11.6)",,"4.8* (1.9,12.0)"
2019,UHF42,304,4,Upper West Side,"4.5* (1.7,11.6)",,-
2019,UHF42,305,4,Upper East Side,-,,-
2019,UHF42,306,4,Chelsea - Clinton,"2.9* (1.4,5.9)",,"2.6* (1.2,5.6)"
2019,UHF42,307,4,Gramercy Park - Murray Hill,-,,-
2019,UHF42,308,4,Greenwich Village - SoHo,"2.9* (1.4,5.9)",,"2.6* (1.2,5.6)"
2019,UHF42,309,4,Union Square - Lower East Side,"4.5* (2.4,8.4)",,"4.2* (2.3,7.5)"
2019,UHF42,310,4,Lower Manhattan,"4.5* (2.4,8.4)",,"4.2* (2.3,7.5)"
2019,UHF42,401,4,Long Island City - Astoria,"0.4* (0.1,1.2)",,"0.4* (0.1,1.2)"
2019,UHF42,402,4,West Queens,"1.6* (0.7,3.6)",,"1.4* (0.6,3.3)"
2019,UHF42,403,4,Flushing - Clearview,"1* (0.2,4.9)",,"0.7* (0.2,2.4)"
2019,UHF42,404,4,Bayside - Little Neck,"2.1* (0.8,5.5)",,"2.5* (0.9,6.6)"
2019,UHF42,405,4,Ridgewood - Forest Hills,"3.7* (1.4,9.4)",,"3.5* (1.4,8.9)"
2019,UHF42,406,4,Fresh Meadows,"2.1* (0.8,5.5)",,"2.5* (0.9,6.6)"
2019,UHF42,407,4,Southwest Queens,"3* (1.5,5.9)",,"2.9* (1.4,5.8)"
2019,UHF42,408,4,Jamaica,"3.2* (1.2,8.0)",,"3.2* (1.2,8.2)"
2019,UHF42,409,4,Southeast Queens,-,,-
2019,UHF42,410,4,Rockaways,"11.6* (5.0,24.8)",,-
2019,UHF42,501,4,Port Richmond,"3.7* (1.5,8.8)",,"4.3* (1.7,10.6)"
2019,UHF42,502,4,Stapleton - St. George,"3.7* (1.5,8.8)",,"4.3* (1.7,10.6)"
2019,UHF42,503,4,Willowbrook,-,,-
2019,UHF42,504,4,South Beach - Tottenville,-,,-
2018,UHF42,101,4,Kingsbridge - Riverdale,"4.2* (1.8,9.5)",,"4.7* (2.0,10.6)"
2018,UHF42,102,4,Northeast Bronx,"3.2* (1.3,7.9)",,"3.4* (1.3,8.3)"
2018,UHF42,103,4,Fordham - Bronx Pk,"6.9 (3.8,12.1)",,"7.1* (3.9,12.6)"
2018,UHF42,104,4,Pelham - Throgs Neck,"8.6 (5.3,13.7)",,"8.7 (5.3,14.0)"
2018,UHF42,105,4,Crotona -Tremont,"7.1 (4.9,10.1)",,"6.9 (4.7,10.0)"
2018,UHF42,106,4,High Bridge - Morrisania,"7.1 (4.9,10.1)",,"6.9 (4.7,10.0)"
2018,UHF42,107,4,Hunts Point - Mott Haven,"7.1 (4.9,10.1)",,"6.9 (4.7,10.0)"
2018,UHF42,201,4,Greenpoint,-,,-
2018,UHF42,202,4,Downtown - Heights - Slope,"7.4* (3.8,13.9)",,"7.2* (3.7,13.5)"
2018,UHF42,203,4,Bedford Stuyvesant - Crown Heights,"4.4* (2.3,8.1)",,"4.5* (2.3,8.6)"
2018,UHF42,204,4,East New York,"5.9* (2.2,15.1)",,-
2018,UHF42,205,4,Sunset Park,"0.8* (0.2,2.7)",,"0.8* (0.2,2.7)"
2018,UHF42,206,4,Borough Park,"1.6* (0.7,3.7)",,"1.7* (0.7,4.0)"
2018,UHF42,207,4,East Flatbush - Flatbush,-,,-
2018,UHF42,208,4,Canarsie - Flatlands,"2.3* (0.9,6.1)",,"2.1* (0.8,5.8)"
2018,UHF42,209,4,Bensonhurst - Bay Ridge,"3* (1.3,6.7)",,"3.2* (1.3,7.7)"
2018,UHF42,210,4,Coney Island - Sheepshead Bay,"3 (1.7,5.3)",,"3.2 (1.8,5.7)"
2018,UHF42,211,4,Williamsburg - Bushwick,"5.9* (2.5,13.0)",,"5.8* (2.4,13.2)"
2018,UHF42,301,4,Washington Heights,"4.5* (2.1,9.7)",,"4.5* (2.1,9.5)"
2018,UHF42,302,4,Central Harlem - Morningside Heights,"9.3 (5.4,15.7)",,"9.9 (5.5,17.2)"
2018,UHF42,303,4,East Harlem,"2.2* (0.8,6.3)",,"2.2* (0.7,6.2)"
2018,UHF42,304,4,Upper West Side,"1.6* (0.5,4.7)",,"1.7* (0.6,4.8)"
2018,UHF42,305,4,Upper East Side,"4.9* (2.5,9.2)",,"4.8* (2.5,9.1)"
2018,UHF42,306,4,Chelsea - Clinton,"4.5* (2.1,9.1)",,"4.3* (2.0,9.1)"
2018,UHF42,307,4,Gramercy Park - Murray Hill,"4.9* (2.5,9.2)",,"4.8* (2.5,9.1)"
2018,UHF42,308,4,Greenwich Village - SoHo,"4.5* (2.1,9.1)",,"4.3* (2.0,9.1)"
2018,UHF42,309,4,Union Square - Lower East Side,"9.9 (5.7,16.7)",,"10.2 (5.7,17.7)"
2018,UHF42,310,4,Lower Manhattan,"9.9 (5.7,16.7)",,"10.2 (5.7,17.7)"
2018,UHF42,401,4,Long Island City - Astoria,"8.5* (3.8,17.9)",,"9* (4.1,19.0)"
2018,UHF42,402,4,West Queens,"3.8* (1.7,8.3)",,"4.1* (1.8,8.9)"
2018,UHF42,403,4,Flushing - Clearview,-,,-
2018,UHF42,404,4,Bayside - Little Neck,"2.5* (1.0,6.3)",,"2.3* (1.0,5.3)"
2018,UHF42,405,4,Ridgewood - Forest Hills,"5* (2.4,10.1)",,"4.7* (2.4,9.1)"
2018,UHF42,406,4,Fresh Meadows,"2.5* (1.0,6.3)",,"2.3* (1.0,5.3)"
2018,UHF42,407,4,Southwest Queens,"2.3* (1.1,4.8)",,"2.5* (1.1,5.4)"
2018,UHF42,408,4,Jamaica,"1.6* (0.8,3.3)",,"1.7* (0.8,3.5)"
2018,UHF42,409,4,Southeast Queens,"1.5* (0.6,3.9)",,"1.5* (0.6,4.2)"
2018,UHF42,410,4,Rockaways,"9* (3.7,20.4)",,"8.9* (3.5,20.8)"
2018,UHF42,501,4,Port Richmond,"1* (0.3,3.2)",,"1.1* (0.3,3.9)"
2018,UHF42,502,4,Stapleton - St. George,"1* (0.3,3.2)",,"1.1* (0.3,3.9)"
2018,UHF42,503,4,Willowbrook,"3.5* (1.4,8.7)",,"3.5* (1.5,8.1)"
2018,UHF42,504,4,South Beach - Tottenville,"3.5* (1.4,8.7)",,"3.5* (1.5,8.1)"
2017,UHF42,101,4,Kingsbridge - Riverdale,-,,"3.4* (1.3,8.7)"
2017,UHF42,102,4,Northeast Bronx,"5.6* (2.7,11.2)",,"5.3* (2.6,10.4)"
2017,UHF42,103,4,Fordham - Bronx Pk,"8.1 (4.8,13.3)",,"8.2 (4.7,13.8)"
2017,UHF42,104,4,Pelham - Throgs Neck,"7.2 (4.7,11.0)",,"7.7 (5.0,11.6)"
2017,UHF42,105,4,Crotona -Tremont,"7 (4.8,10.1)",,"7.4 (5.0,10.9)"
2017,UHF42,106,4,High Bridge - Morrisania,"7 (4.8,10.1)",,"7.4 (5.0,10.9)"
2017,UHF42,107,4,Hunts Point - Mott Haven,"7 (4.8,10.1)",,"7.4 (5.0,10.9)"
2017,UHF42,201,4,Greenpoint,"1.7* (0.5,5.7)",,-
2017,UHF42,202,4,Downtown - Heights - Slope,"4.3* (2.3,8.0)",,"4.2* (2.1,8.2)"
2017,UHF42,203,4,Bedford Stuyvesant - Crown Heights,"7.5 (4.5,12.3)",,"7.6 (4.5,12.5)"
2017,UHF42,204,4,East New York,"3.6* (1.6,8.1)",,"3.7* (1.5,8.7)"
2017,UHF42,205,4,Sunset Park,"2.9* (1.3,6.2)",,"2.8* (1.3,5.9)"
2017,UHF42,206,4,Borough Park,"2.2* (1.1,4.7)",,"2.3* (1.1,4.8)"
2017,UHF42,207,4,East Flatbush - Flatbush,"4 (2.3,7.0)",,"4.3 (2.4,7.5)"
2017,UHF42,208,4,Canarsie - Flatlands,"3.8* (1.7,8.3)",,"4.4* (1.8,10.0)"
2017,UHF42,209,4,Bensonhurst - Bay Ridge,"2.2* (0.8,5.6)",,"2.2* (0.8,5.9)"
2017,UHF42,210,4,Coney Island - Sheepshead Bay,"2.5* (1.2,5.3)",,"2.9* (1.4,6.0)"
2017,UHF42,211,4,Williamsburg - Bushwick,"2.2* (1.0,4.6)",,"2* (0.9,4.1)"
2017,UHF42,301,4,Washington Heights,"7.2 (4.2,12.2)",,"7.7* (4.2,13.7)"
2017,UHF42,302,4,Central Harlem - Morningside Heights,"1.9* (0.9,3.9)",,"1.8* (0.9,3.8)"
2017,UHF42,303,4,East Harlem,"12.6* (4.8,29.5)",,-
2017,UHF42,304,4,Upper West Side,"1.1* (0.3,3.9)",,"1* (0.3,3.4)"
2017,UHF42,305,4,Upper East Side,"4.2 (2.4,7.2)",,"4 (2.2,7.1)"
2017,UHF42,306,4,Chelsea - Clinton,"3.7* (1.7,7.8)",,"3.3* (1.5,7.1)"
2017,UHF42,307,4,Gramercy Park - Murray Hill,"4.2 (2.4,7.2)",,"4 (2.2,7.1)"
2017,UHF42,308,4,Greenwich Village - SoHo,"3.7* (1.7,7.8)",,"3.3* (1.5,7.1)"
2017,UHF42,309,4,Union Square - Lower East Side,"5.1* (2.5,9.9)",,"5* (2.4,10.1)"
2017,UHF42,310,4,Lower Manhattan,"5.1* (2.5,9.9)",,"5* (2.4,10.1)"
2017,UHF42,401,4,Long Island City - Astoria,"5.4* (2.1,12.8)",,-
2017,UHF42,402,4,West Queens,"2.5 (1.4,4.3)",,"2.6 (1.5,4.4)"
2017,UHF42,403,4,Flushing - Clearview,"3.8* (1.6,8.6)",,"5.3* (2.3,11.7)"
2017,UHF42,404,4,Bayside - Little Neck,"1.9* (0.7,4.9)",,"2.2* (0.8,5.9)"
2017,UHF42,405,4,Ridgewood - Forest Hills,"4.8 (2.9,7.9)",,"4.7 (2.8,7.8)"
2017,UHF42,406,4,Fresh Meadows,"1.9* (0.7,4.9)",,"2.2* (0.8,5.9)"
2017,UHF42,407,4,Southwest Queens,"2.9* (1.5,5.4)",,"3* (1.5,5.9)"
2017,UHF42,408,4,Jamaica,"6* (2.6,13.0)",,"5.6* (2.4,12.6)"
2017,UHF42,409,4,Southeast Queens,-,,-
2017,UHF42,410,4,Rockaways,"7.4* (3.1,16.6)",,-
2017,UHF42,501,4,Port Richmond,"2* (0.7,5.6)",,"2* (0.7,5.3)"
2017,UHF42,502,4,Stapleton - St. George,"2* (0.7,5.6)",,"2* (0.7,5.3)"
2017,UHF42,503,4,Willowbrook,"1.4* (0.6,3.2)",,"1.3* (0.6,2.9)"
2017,UHF42,504,4,South Beach - Tottenville,"1.4* (0.6,3.2)",,"1.3* (0.6,2.9)"
2016,UHF42,101,4,Kingsbridge - Riverdale,"7.9* (3.3,17.8)",,-
2016,UHF42,102,4,Northeast Bronx,"5* (2.3,10.9)",,"5.7* (2.5,12.7)"
2016,UHF42,103,4,Fordham - Bronx Pk,"1.6* (0.7,3.6)",,"2* (0.9,4.3)"
2016,UHF42,104,4,Pelham - Throgs Neck,"6.3 (3.5,11.0)",,"6.3 (3.5,11.0)"
2016,UHF42,105,4,Crotona -Tremont,"8.4 (5.7,12.3)",,"8 (5.4,11.7)"
2016,UHF42,106,4,High Bridge - Morrisania,"8.4 (5.7,12.3)",,"8 (5.4,11.7)"
2016,UHF42,107,4,Hunts Point - Mott Haven,"8.4 (5.7,12.3)",,"8 (5.4,11.7)"
2016,UHF42,201,4,Greenpoint,-,,-
2016,UHF42,202,4,Downtown - Heights - Slope,"2.5* (1.2,5.4)",,"2.5* (0.9,6.3)"
2016,UHF42,203,4,Bedford Stuyvesant - Crown Heights,"5.7 (3.6,8.8)",,"5.5 (3.5,8.6)"
2016,UHF42,204,4,East New York,"5.1* (2.5,10.1)",,"5.2* (2.6,10.2)"
2016,UHF42,205,4,Sunset Park,"1.6* (0.4,5.5)",,"1.6* (0.4,5.8)"
2016,UHF42,206,4,Borough Park,"2.4* (1.0,5.6)",,"2.3* (0.9,5.5)"
2016,UHF42,207,4,East Flatbush - Flatbush,"1.4* (0.6,3.0)",,"1.6* (0.8,3.4)"
2016,UHF42,208,4,Canarsie - Flatlands,"9.6* (3.7,22.4)",,"7.9* (3.0,19.6)"
2016,UHF42,209,4,Bensonhurst - Bay Ridge,"4.4* (1.7,10.8)",,-
2016,UHF42,210,4,Coney Island - Sheepshead Bay,"3 (1.7,5.4)",,"3.5* (1.9,6.4)"
2016,UHF42,211,4,Williamsburg - Bushwick,"5.3 (3.1,8.9)",,"5 (2.9,8.4)"
2016,UHF42,301,4,Washington Heights,"4.5* (1.8,10.7)",,"3.8* (1.7,8.4)"
2016,UHF42,302,4,Central Harlem - Morningside Heights,"7.1* (3.5,14.0)",,"7.9* (3.4,17.3)"
2016,UHF42,303,4,East Harlem,-,,-
2016,UHF42,304,4,Upper West Side,-,,-
2016,UHF42,305,4,Upper East Side,"6.2* (3.2,11.6)",,"6.4* (3.2,12.3)"
2016,UHF42,306,4,Chelsea - Clinton,-,,-
2016,UHF42,307,4,Gramercy Park - Murray Hill,"6.2* (3.2,11.6)",,"6.4* (3.2,12.3)"
2016,UHF42,308,4,Greenwich Village - SoHo,-,,-
2016,UHF42,309,4,Union Square - Lower East Side,"1* (0.3,3.2)",,"1* (0.3,3.5)"
2016,UHF42,310,4,Lower Manhattan,"1* (0.3,3.2)",,"1* (0.3,3.5)"
2016,UHF42,401,4,Long Island City - Astoria,-,,-
2016,UHF42,402,4,West Queens,"4.7 (2.7,8.3)",,"5* (2.7,8.9)"
2016,UHF42,403,4,Flushing - Clearview,-,,-
2016,UHF42,404,4,Bayside - Little Neck,"6.2* (2.4,14.7)",,"6.4* (2.5,15.1)"
2016,UHF42,405,4,Ridgewood - Forest Hills,"4.9* (2.5,9.3)",,"4.9* (2.5,9.5)"
2016,UHF42,406,4,Fresh Meadows,"6.2* (2.4,14.7)",,"6.4* (2.5,15.1)"
2016,UHF42,407,4,Southwest Queens,"2.8* (1.1,7.0)",,"2.8* (1.0,7.0)"
2016,UHF42,408,4,Jamaica,-,,-
2016,UHF42,409,4,Southeast Queens,-,,-
2016,UHF42,410,4,Rockaways,"9.9* (4.8,19.4)",,"10.6* (4.5,23.0)"
2016,UHF42,501,4,Port Richmond,"6* (2.7,12.7)",,"6.7* (2.8,15.2)"
2016,UHF42,502,4,Stapleton - St. George,"6* (2.7,12.7)",,"6.7* (2.8,15.2)"
2016,UHF42,503,4,Willowbrook,"6.2* (3.0,12.4)",,"5.9* (2.9,11.7)"
2016,UHF42,504,4,South Beach - Tottenville,"6.2* (3.0,12.4)",,"5.9* (2.9,11.7)"
2015,UHF42,101,4,Kingsbridge - Riverdale,-,,-
2015,UHF42,102,4,Northeast Bronx,"8 (4.8,13.2)",,"8.4 (5.0,13.9)"
2015,UHF42,103,4,Fordham - Bronx Pk,"7.9 (5.0,12.2)",,"7.5 (4.6,11.9)"
2015,UHF42,104,4,Pelham - Throgs Neck,"6.1 (3.8,9.6)",,"6.3 (3.8,10.0)"
2015,UHF42,105,4,Crotona -Tremont,"9.9 (7.9,12.4)",,"9.6 (7.5,12.1)"
2015,UHF42,106,4,High Bridge - Morrisania,"9.9 (7.9,12.4)",,"9.6 (7.5,12.1)"
2015,UHF42,107,4,Hunts Point - Mott Haven,"9.9 (7.9,12.4)",,"9.6 (7.5,12.1)"
2015,UHF42,201,4,Greenpoint,"5.2* (1.9,13.2)",,-
2015,UHF42,202,4,Downtown - Heights - Slope,"3.6* (1.8,7.4)",,"3.8* (1.7,8.3)"
2015,UHF42,203,4,Bedford Stuyvesant - Crown Heights,"8.3 (5.3,12.9)",,"8.7 (5.4,13.6)"
2015,UHF42,204,4,East New York,"9.2 (5.5,14.8)",,"10.6 (6.3,17.3)"
2015,UHF42,205,4,Sunset Park,"3.6* (1.4,9.1)",,-
2015,UHF42,206,4,Borough Park,"2.8* (1.4,5.2)",,"2.7* (1.4,5.2)"
2015,UHF42,207,4,East Flatbush - Flatbush,"5 (2.9,8.7)",,"5.2 (2.9,9.1)"
2015,UHF42,208,4,Canarsie - Flatlands,"5.2* (2.7,9.7)",,"5* (2.6,9.6)"
2015,UHF42,209,4,Bensonhurst - Bay Ridge,"2.7* (1.4,5.2)",,"2.9* (1.5,5.6)"
2015,UHF42,210,4,Coney Island - Sheepshead Bay,"6.3 (3.8,10.3)",,"6.8 (4.0,11.3)"
2015,UHF42,211,4,Williamsburg - Bushwick,"6 (3.3,10.5)",,"6.3* (3.3,11.7)"
2015,UHF42,301,4,Washington Heights,"8.3 (5.4,12.5)",,"8.5 (5.5,12.9)"
2015,UHF42,302,4,Central Harlem - Morningside Heights,"6.2* (3.4,11.1)",,"5.6* (3.0,10.1)"
2015,UHF42,303,4,East Harlem,"7.3 (4.4,11.8)",,"6.9 (4.1,11.2)"
2015,UHF42,304,4,Upper West Side,"4* (2.0,7.9)",,"3.9* (2.0,7.7)"
2015,UHF42,305,4,Upper East Side,"5.7* (3.1,10.5)",,"5.9* (3.0,11.2)"
2015,UHF42,306,4,Chelsea - Clinton,"6.4* (3.3,12.1)",,"6.5* (3.1,13.2)"
2015,UHF42,307,4,Gramercy Park - Murray Hill,"5.7* (3.1,10.5)",,"5.9* (3.0,11.2)"
2015,UHF42,308,4,Greenwich Village - SoHo,"6.4* (3.3,12.1)",,"6.5* (3.1,13.2)"
2015,UHF42,309,4,Union Square - Lower East Side,"6.1 (3.5,10.2)",,"5.9 (3.4,10.1)"
2015,UHF42,310,4,Lower Manhattan,"6.1 (3.5,10.2)",,"5.9 (3.4,10.1)"
2015,UHF42,401,4,Long Island City - Astoria,"7.6* (3.5,15.9)",,"7.8* (3.2,17.8)"
2015,UHF42,402,4,West Queens,"4.4 (2.8,6.8)",,"4.2 (2.6,6.8)"
2015,UHF42,403,4,Flushing - Clearview,"5* (2.4,10.3)",,"5.1* (2.5,10.1)"
2015,UHF42,404,4,Bayside - Little Neck,"7* (3.3,14.0)",,"7* (3.4,14.0)"
2015,UHF42,405,4,Ridgewood - Forest Hills,"5.9* (3.1,11.0)",,"6.2* (3.2,11.7)"
2015,UHF42,406,4,Fresh Meadows,"7* (3.3,14.0)",,"7* (3.4,14.0)"
2015,UHF42,407,4,Southwest Queens,"6.8* (3.5,12.9)",,"6.7* (3.4,12.8)"
2015,UHF42,408,4,Jamaica,"5.1 (2.8,9.0)",,"5.4* (2.9,9.6)"
2015,UHF42,409,4,Southeast Queens,-,,-
2015,UHF42,410,4,Rockaways,-,,-
2015,UHF42,501,4,Port Richmond,"6.7* (3.4,12.8)",,"6.9* (3.6,12.9)"
2015,UHF42,502,4,Stapleton - St. George,"6.7* (3.4,12.8)",,"6.9* (3.6,12.9)"
2015,UHF42,503,4,Willowbrook,"4.6* (2.2,9.2)",,"5.1* (2.5,10.1)"
2015,UHF42,504,4,South Beach - Tottenville,"4.6* (2.2,9.2)",,"5.1* (2.5,10.1)"
2014,UHF42,101,4,Kingsbridge - Riverdale,-,,-
2014,UHF42,102,4,Northeast Bronx,"6.8* (3.1,14.6)",,"5.8* (2.6,12.6)"
2014,UHF42,103,4,Fordham - Bronx Pk,"3.2* (1.3,7.9)",,"3.3* (1.2,8.4)"
2014,UHF42,104,4,Pelham - Throgs Neck,"3.4* (1.7,6.4)",,"3.5* (1.8,6.6)"
2014,UHF42,105,4,Crotona -Tremont,"6.3 (4.3,9.1)",,"6.2 (4.2,9.0)"
2014,UHF42,106,4,High Bridge - Morrisania,"6.3 (4.3,9.1)",,"6.2 (4.2,9.0)"
2014,UHF42,107,4,Hunts Point - Mott Haven,"6.3 (4.3,9.1)",,"6.2 (4.2,9.0)"
2014,UHF42,201,4,Greenpoint,-,,-
2014,UHF42,202,4,Downtown - Heights - Slope,"1.1* (0.3,4.6)",,-
2014,UHF42,203,4,Bedford Stuyvesant - Crown Heights,"2* (1.0,3.9)",,"2.1* (1.1,4.0)"
2014,UHF42,204,4,East New York,"6.4* (3.4,11.8)",,"6.3* (3.4,11.4)"
2014,UHF42,205,4,Sunset Park,"0.7* (0.2,2.7)",,"0.7* (0.2,2.7)"
2014,UHF42,206,4,Borough Park,"3.1* (1.4,6.7)",,"3.2* (1.4,7.2)"
2014,UHF42,207,4,East Flatbush - Flatbush,"3.1* (1.6,5.9)",,"3.1* (1.6,6.1)"
2014,UHF42,208,4,Canarsie - Flatlands,-,,"2.8* (1.0,7.3)"
2014,UHF42,209,4,Bensonhurst - Bay Ridge,"2.1* (0.6,6.6)",,"2* (0.7,6.1)"
2014,UHF42,210,4,Coney Island - Sheepshead Bay,"3.2* (1.3,7.9)",,"3.8* (1.5,9.6)"
2014,UHF42,211,4,Williamsburg - Bushwick,"6.3* (3.3,11.9)",,"5.7* (2.7,11.7)"
2014,UHF42,301,4,Washington Heights,"5.2* (2.7,10.0)",,"5.4* (2.7,10.6)"
2014,UHF42,302,4,Central Harlem - Morningside Heights,"4.1* (2.1,7.7)",,"3.6* (1.9,7.0)"
2014,UHF42,303,4,East Harlem,"8.7* (4.6,15.7)",,"8.4* (4.3,15.7)"
2014,UHF42,304,4,Upper West Side,"4.3* (1.8,10.0)",,"4.1* (1.7,9.4)"
2014,UHF42,305,4,Upper East Side,"2.8* (1.1,6.6)",,"3* (1.2,7.4)"
2014,UHF42,306,4,Chelsea - Clinton,"4* (1.7,9.4)",,"4.3* (1.6,10.7)"
2014,UHF42,307,4,Gramercy Park - Murray Hill,"2.8* (1.1,6.6)",,"3* (1.2,7.4)"
2014,UHF42,308,4,Greenwich Village - SoHo,"4* (1.7,9.4)",,"4.3* (1.6,10.7)"
2014,UHF42,309,4,Union Square - Lower East Side,"3.8* (2.0,7.2)",,"3.8* (1.8,7.5)"
2014,UHF42,310,4,Lower Manhattan,"3.8* (2.0,7.2)",,"3.8* (1.8,7.5)"
2014,UHF42,401,4,Long Island City - Astoria,"3.1* (1.2,7.7)",,"3.5* (1.3,9.0)"
2014,UHF42,402,4,West Queens,"2.3* (1.0,5.1)",,"2.2* (1.0,4.8)"
2014,UHF42,403,4,Flushing - Clearview,"1.9* (0.6,6.0)",,"1.9* (0.6,5.9)"
2014,UHF42,404,4,Bayside - Little Neck,-,,-
2014,UHF42,405,4,Ridgewood - Forest Hills,"4.7* (2.2,9.7)",,"5.1* (2.4,10.6)"
2014,UHF42,406,4,Fresh Meadows,-,,-
2014,UHF42,407,4,Southwest Queens,"4* (1.8,8.9)",,"4.2* (1.9,9.0)"
2014,UHF42,408,4,Jamaica,"3.2* (1.5,6.5)",,"3.3* (1.6,7.0)"
2014,UHF42,409,4,Southeast Queens,"0.8* (0.3,2.2)",,"0.9* (0.3,2.7)"
2014,UHF42,410,4,Rockaways,"7.6* (3.0,17.9)",,-
2014,UHF42,501,4,Port Richmond,"3.3* (1.4,7.3)",,"3.2* (1.4,7.1)"
2014,UHF42,502,4,Stapleton - St. George,"3.3* (1.4,7.3)",,"3.2* (1.4,7.1)"
2014,UHF42,503,4,Willowbrook,"6.2 (3.7,10.1)",,"5.8 (3.6,9.4)"
2014,UHF42,504,4,South Beach - Tottenville,"6.2 (3.7,10.1)",,"5.8 (3.6,9.4)"
2013,UHF42,101,4,Kingsbridge - Riverdale,"8* (3.0, 19.9)",,-
2013,UHF42,102,4,Northeast Bronx,"6.5* (2.8, 14.1)",,"6.4* (2.8, 14.1)"
2013,UHF42,103,4,Fordham - Bronx Pk,"7.9* (4.2, 14.2)",,"6.8* (3.5, 12.8)"
2013,UHF42,104,4,Pelham - Throgs Neck,"5* (2.5, 9.9)",,"5.1* (2.5, 10.0)"
2013,UHF42,105,4,Crotona -Tremont,"7 (4.7, 10.4)",,"6.1 (4.2, 8.9)"
2013,UHF42,106,4,High Bridge - Morrisania,"7 (4.7, 10.4)",,"6.1 (4.2, 8.9)"
2013,UHF42,107,4,Hunts Point - Mott Haven,"7 (4.7, 10.4)",,"6.1 (4.2, 8.9)"
2013,UHF42,201,4,Greenpoint,"1.7* (0.5, 5.6)",,"1.2* (0.3, 4.0)"
2013,UHF42,202,4,Downtown - Heights - Slope,"2.4* (1.1, 4.8)",,"2.4* (1.1, 5.0)"
2013,UHF42,203,4,Bedford Stuyvesant - Crown Heights,"6 (3.3, 10.7)",,"6.1* (3.3, 11.0)"
2013,UHF42,204,4,East New York,"4.8* (2.5, 9.0)",,"4.7* (2.3, 9.6)"
2013,UHF42,205,4,Sunset Park,"1.5* (0.5, 4.9)",,"1.5* (0.5, 5.2)"
2013,UHF42,206,4,Borough Park,"3.7* (1.4, 9.2)",,"3.6* (1.3, 9.2)"
2013,UHF42,207,4,East Flatbush - Flatbush,"6.4* (3.4, 11.8)",,"6.8* (3.5, 12.8)"
2013,UHF42,208,4,Canarsie - Flatlands,"4.3* (1.8, 9.8)",,"4.2* (1.7, 10.1)"
2013,UHF42,209,4,Bensonhurst - Bay Ridge,-,,-
2013,UHF42,210,4,Coney Island - Sheepshead Bay,"2.3* (1.1, 4.4)",,"2.7* (1.4, 5.4)"
2013,UHF42,211,4,Williamsburg - Bushwick,"7 (3.9, 12.3)",,"7.1* (3.8, 12.9)"
2013,UHF42,301,4,Washington Heights,"6.2* (3.2, 11.8)",,"6.5* (3.2, 12.6)"
2013,UHF42,302,4,Central Harlem - Morningside Heights,"3.6* (1.8, 7.2)",,"3.4* (1.7, 6.9)"
2013,UHF42,303,4,East Harlem,"1.8* (0.7, 4.5)",,"1.7* (0.7, 4.3)"
2013,UHF42,304,4,Upper West Side,"1.6* (0.7, 3.9)",,"1.7* (0.7, 4.1)"
2013,UHF42,305,4,Upper East Side,"4.7* (2.6, 8.6)",,"4.8* (2.5, 8.9)"
2013,UHF42,306,4,Chelsea - Clinton,"4.3* (2.3, 7.8)",,"4.4* (2.3, 8.4)"
2013,UHF42,307,4,Gramercy Park - Murray Hill,"4.7* (2.6, 8.6)",,"4.8* (2.5, 8.9)"
2013,UHF42,308,4,Greenwich Village - SoHo,"4.3* (2.3, 7.8)",,"4.4* (2.3, 8.4)"
2013,UHF42,309,4,Union Square - Lower East Side,"5.2 (2.9, 9.2)",,"5.5* (3.0, 10.0)"
2013,UHF42,310,4,Lower Manhattan,"5.2 (2.9, 9.2)",,"5.5* (3.0, 10.0)"
2013,UHF42,401,4,Long Island City - Astoria,-,,-
2013,UHF42,402,4,West Queens,"1.9* (0.8, 4.6)",,"2.1* (0.9, 4.9)"
2013,UHF42,403,4,Flushing - Clearview,"1.8* (0.7, 4.9)",,"1.9* (0.7, 4.8)"
2013,UHF42,404,4,Bayside - Little Neck,"1.3* (0.4, 4.0)",,"1.3* (0.4, 3.9)"
2013,UHF42,405,4,Ridgewood - Forest Hills,"3.6* (1.6, 7.9)",,"3.6* (1.6, 7.9)"
2013,UHF42,406,4,Fresh Meadows,"1.3* (0.4, 4.0)",,"1.3* (0.4, 3.9)"
2013,UHF42,407,4,Southwest Queens,"1.6* (0.6, 3.8)",,"1.6* (0.6, 3.8)"
2013,UHF42,408,4,Jamaica,"2.5* (1.0, 6.1)",,"2.6* (1.1, 6.2)"
2013,UHF42,409,4,Southeast Queens,"2.9* (1.3, 6.4)",,"3.2* (1.4, 7.4)"
2013,UHF42,410,4,Rockaways,-,,-
2013,UHF42,501,4,Port Richmond,"0.4* (0.1, 1.7)",,"0.4* (0.1, 1.5)"
2013,UHF42,502,4,Stapleton - St. George,"0.4* (0.1, 1.7)",,"0.4* (0.1, 1.5)"
2013,UHF42,503,4,Willowbrook,"3* (1.4, 6.5)",,"2.7* (1.3, 5.6)"
2013,UHF42,504,4,South Beach - Tottenville,"3* (1.4, 6.5)",,"2.7* (1.3, 5.6)"
2012,UHF42,101,4,Kingsbridge - Riverdale,-,,"5.3* (2.1, 12.7)"
2012,UHF42,102,4,Northeast Bronx,"6.3* (2.8, 13.8)",,"6.2* (2.7, 13.6)"
2012,UHF42,103,4,Fordham - Bronx Pk,"4.4* (2.3, 8.1)",,"4.3* (2.2, 8.4)"
2012,UHF42,104,4,Pelham - Throgs Neck,"6.7* (3.3, 13.3)",,"6.6* (3.2, 12.9)"
2012,UHF42,105,4,Crotona -Tremont,"10.7 (7.8, 14.5)",,"10.7 (7.9, 14.5)"
2012,UHF42,106,4,High Bridge - Morrisania,"10.7 (7.8, 14.5)",,"10.7 (7.9, 14.5)"
2012,UHF42,107,4,Hunts Point - Mott Haven,"10.7 (7.8, 14.5)",,"10.7 (7.9, 14.5)"
2012,UHF42,201,4,Greenpoint,"4.2* (1.9, 9.1)",,"4.1* (1.8, 9.1)"
2012,UHF42,202,4,Downtown - Heights - Slope,"3.8* (2.1, 6.8)",,"3.4* (1.9, 6.2)"
2012,UHF42,203,4,Bedford Stuyvesant - Crown Heights,"2.6* (1.2, 5.6)",,"2.9* (1.3, 6.2)"
2012,UHF42,204,4,East New York,"6.3 (3.6, 10.8)",,"6.5 (3.6, 11.3)"
2012,UHF42,205,4,Sunset Park,"1.7* (0.4, 6.2)",,-
2012,UHF42,206,4,Borough Park,"4* (1.8, 8.8)",,"4.3* (1.8, 9.8)"
2012,UHF42,207,4,East Flatbush - Flatbush,"2* (0.8, 4.6)",,"1.9* (0.8, 4.3)"
2012,UHF42,208,4,Canarsie - Flatlands,"6* (2.5, 13.6)",,"6.3* (2.5, 15.0)"
2012,UHF42,209,4,Bensonhurst - Bay Ridge,-,,-
2012,UHF42,210,4,Coney Island - Sheepshead Bay,"5.5* (2.9, 10.1)",,"6.3* (3.2, 12.3)"
2012,UHF42,211,4,Williamsburg - Bushwick,"6.2* (3.4, 11.2)",,"6.4* (3.4, 11.7)"
2012,UHF42,301,4,Washington Heights,"3.1* (1.3, 7.5)",,"3* (1.2, 7.6)"
2012,UHF42,302,4,Central Harlem - Morningside Heights,"11.5* (5.0, 24.2)",,"9.5* (3.7, 22.3)"
2012,UHF42,303,4,East Harlem,-,,-
2012,UHF42,304,4,Upper West Side,"3* (1.3, 7.0)",,"3.2* (1.3, 7.6)"
2012,UHF42,305,4,Upper East Side,"2.1* (1.0, 4.3)",,"2.3* (1.1, 4.6)"
2012,UHF42,306,4,Chelsea - Clinton,"2.9* (1.5, 5.6)",,"2.7* (1.4, 4.9)"
2012,UHF42,307,4,Gramercy Park - Murray Hill,"2.1* (1.0, 4.3)",,"2.3* (1.1, 4.6)"
2012,UHF42,308,4,Greenwich Village - SoHo,"2.9* (1.5, 5.6)",,"2.7* (1.4, 4.9)"
2012,UHF42,309,4,Union Square - Lower East Side,"5.3* (2.4, 11.5)",,"5.4* (2.3, 11.8)"
2012,UHF42,310,4,Lower Manhattan,"5.3* (2.4, 11.5)",,"5.4* (2.3, 11.8)"
2012,UHF42,401,4,Long Island City - Astoria,-,,"3.6* (1.4, 8.9)"
2012,UHF42,402,4,West Queens,"2.4* (1.0, 5.7)",,"2.5* (1.1, 5.8)"
2012,UHF42,403,4,Flushing - Clearview,"2.9* (1.1, 7.3)",,"3.1* (1.2, 7.7)"
2012,UHF42,404,4,Bayside - Little Neck,"2.1* (0.8, 5.4)",,"2.1* (0.8, 5.4)"
2012,UHF42,405,4,Ridgewood - Forest Hills,"6.4* (3.1, 13.0)",,"6.2* (3.0, 12.5)"
2012,UHF42,406,4,Fresh Meadows,"2.1* (0.8, 5.4)",,"2.1* (0.8, 5.4)"
2012,UHF42,407,4,Southwest Queens,"4.9* (2.3, 10.2)",,"5.1* (2.4, 10.7)"
2012,UHF42,408,4,Jamaica,"3.5* (1.6, 7.3)",,"3.5* (1.6, 7.6)"
2012,UHF42,409,4,Southeast Queens,-,,-
2012,UHF42,410,4,Rockaways,-,,-
2012,UHF42,501,4,Port Richmond,"3.8* (1.7, 8.3)",,"3.9* (1.7, 8.5)"
2012,UHF42,502,4,Stapleton - St. George,"3.8* (1.7, 8.3)",,"3.9* (1.7, 8.5)"
2012,UHF42,503,4,Willowbrook,-,,-
2012,UHF42,504,4,South Beach - Tottenville,-,,-
2011,UHF42,101,4,Kingsbridge - Riverdale,-,,-
2011,UHF42,102,4,Northeast Bronx,4.9*,,"5.4* (2.4, 11.8)"
2011,UHF42,103,4,Fordham - Bronx Pk,5.5*,,-
2011,UHF42,104,4,Pelham - Throgs Neck,10*,,"9.6* (4.2, 20.2)"
2011,UHF42,105,4,Crotona -Tremont,7.5,,"7.5 (4.6, 11.8)"
2011,UHF42,106,4,High Bridge - Morrisania,7.5,,"7.5 (4.6, 11.8)"
2011,UHF42,107,4,Hunts Point - Mott Haven,7.5,,"7.5 (4.6, 11.8)"
2011,UHF42,201,4,Greenpoint,1.9*,,"1.7* (0.5, 4.9)"
2011,UHF42,202,4,Downtown - Heights - Slope,1.9*,,"1.8* (0.7, 4.5)"
2011,UHF42,203,4,Bedford Stuyvesant - Crown Heights,10.6*,,"10.7* (4.9, 21.7)"
2011,UHF42,204,4,East New York,9.3*,,"10* (5.0, 19.1)"
2011,UHF42,205,4,Sunset Park,-,,-
2011,UHF42,206,4,Borough Park,3.2*,,"3.4* (1.5, 7.5)"
2011,UHF42,207,4,East Flatbush - Flatbush,1.3*,,-
2011,UHF42,208,4,Canarsie - Flatlands,-,,-
2011,UHF42,209,4,Bensonhurst - Bay Ridge,-,,-
2011,UHF42,210,4,Coney Island - Sheepshead Bay,4.1*,,"4.8* (2.0, 11.1)"
2011,UHF42,211,4,Williamsburg - Bushwick,4.6*,,"4.5* (2.4, 8.3)"
2011,UHF42,301,4,Washington Heights,-,,-
2011,UHF42,302,4,Central Harlem - Morningside Heights,1.8*,,"1.8* (0.5, 6.2)"
2011,UHF42,303,4,East Harlem,15.7*,,-
2011,UHF42,304,4,Upper West Side,-,,-
2011,UHF42,305,4,Upper East Side,1.8*,,"2* (0.9, 4.0)"
2011,UHF42,306,4,Chelsea - Clinton,2.5*,,"2.4* (1.0, 5.4)"
2011,UHF42,307,4,Gramercy Park - Murray Hill,1.8*,,"2* (0.9, 4.0)"
2011,UHF42,308,4,Greenwich Village - SoHo,2.5*,,"2.4* (1.0, 5.4)"
2011,UHF42,309,4,Union Square - Lower East Side,2.1*,,"1.9* (0.7, 4.8)"
2011,UHF42,310,4,Lower Manhattan,2.1*,,"1.9* (0.7, 4.8)"
2011,UHF42,401,4,Long Island City - Astoria,3.7*,,"3.7* (1.4, 9.2)"
2011,UHF42,402,4,West Queens,6*,,"6* (2.7, 12.6)"
2011,UHF42,403,4,Flushing - Clearview,0.4*,,"0.4* (0.1, 1.4)"
2011,UHF42,404,4,Bayside - Little Neck,3.3*,,"3.1* (1.4, 6.8)"
2011,UHF42,405,4,Ridgewood - Forest Hills,6.2*,,-
2011,UHF42,406,4,Fresh Meadows,3.3*,,"3.1* (1.4, 6.8)"
2011,UHF42,407,4,Southwest Queens,3.9*,,"3.7* (1.7, 7.9)"
2011,UHF42,408,4,Jamaica,2.6*,,"2.7* (1.1, 6.6)"
2011,UHF42,409,4,Southeast Queens,-,,-
2011,UHF42,410,4,Rockaways,-,,-
2011,UHF42,501,4,Port Richmond,3.5*,,"3.5* (1.4, 8.2)"
2011,UHF42,502,4,Stapleton - St. George,3.5*,,"3.5* (1.4, 8.2)"
2011,UHF42,503,4,Willowbrook,2.6*,,"3.1* (1.6, 5.9)"
2011,UHF42,504,4,South Beach - Tottenville,2.6*,,"3.1* (1.6, 5.9)"
2010,UHF42,101,4,Kingsbridge - Riverdale,6.1*,,"5.9* (2.5, 13.6)"
2010,UHF42,102,4,Northeast Bronx,5.8,,"5.6 (3.1, 9.9)"
2010,UHF42,103,4,Fordham - Bronx Pk,9.9,,"9.4 (5.6, 15.6)"
2010,UHF42,104,4,Pelham - Throgs Neck,2.1*,,"2* (1.0, 3.9)"
2010,UHF42,105,4,Crotona -Tremont,6.8,,"6.8 (4.6, 10.1)"
2010,UHF42,106,4,High Bridge - Morrisania,6.8,,"6.8 (4.6, 10.1)"
2010,UHF42,107,4,Hunts Point - Mott Haven,6.8,,"6.8 (4.6, 10.1)"
2010,UHF42,201,4,Greenpoint,0.5*,,"0.4* (0.1, 1.3)"
2010,UHF42,202,4,Downtown - Heights - Slope,3.3*,,"3.3* (1.6, 7.1)"
2010,UHF42,203,4,Bedford Stuyvesant - Crown Heights,3.8*,,"4.1* (1.9, 8.6)"
2010,UHF42,204,4,East New York,7.7*,,"7.8* (3.8, 15.3)"
2010,UHF42,205,4,Sunset Park,-,,-
2010,UHF42,206,4,Borough Park,1.8*,,"1.7* (0.6, 4.5)"
2010,UHF42,207,4,East Flatbush - Flatbush,-,,-
2010,UHF42,208,4,Canarsie - Flatlands,3.3*,,"3.3* (1.5, 7.2)"
2010,UHF42,209,4,Bensonhurst - Bay Ridge,2.7*,,"2.9* (1.3, 6.2)"
2010,UHF42,210,4,Coney Island - Sheepshead Bay,-,,"1.7* (0.5, 6.0)"
2010,UHF42,211,4,Williamsburg - Bushwick,3.9*,,"3.7* (2.0, 6.8)"
2010,UHF42,301,4,Washington Heights,4.1*,,"3.8* (1.8, 8.1)"
2010,UHF42,302,4,Central Harlem - Morningside Heights,2.8*,,"2.6* (1.3, 5.0)"
2010,UHF42,303,4,East Harlem,15.3*,,"15.3* (5.5, 36.1)"
2010,UHF42,304,4,Upper West Side,8.3*,,"7.5* (3.2, 16.5)"
2010,UHF42,305,4,Upper East Side,1.2*,,"1.2* (0.6, 2.7)"
2010,UHF42,306,4,Chelsea - Clinton,-,,"2.4* (0.9, 6.3)"
2010,UHF42,307,4,Gramercy Park - Murray Hill,1.2*,,"1.2* (0.6, 2.7)"
2010,UHF42,308,4,Greenwich Village - SoHo,-,,"2.4* (0.9, 6.3)"
2010,UHF42,309,4,Union Square - Lower East Side,4.6,,"4.1 (2.3, 7.1)"
2010,UHF42,310,4,Lower Manhattan,4.6,,"4.1 (2.3, 7.1)"
2010,UHF42,401,4,Long Island City - Astoria,0.8*,,"0.7* (0.3, 1.7)"
2010,UHF42,402,4,West Queens,2.4*,,"2.2* (1.0, 4.8)"
2010,UHF42,403,4,Flushing - Clearview,2.9*,,"3* (1.4, 6.2)"
2010,UHF42,404,4,Bayside - Little Neck,2.4*,,"2.4* (1.2, 5.0)"
2010,UHF42,405,4,Ridgewood - Forest Hills,4.2*,,"4.1* (2.0, 8.4)"
2010,UHF42,406,4,Fresh Meadows,2.4*,,"2.4* (1.2, 5.0)"
2010,UHF42,407,4,Southwest Queens,0.9*,,"0.9* (0.2, 4.2)"
2010,UHF42,408,4,Jamaica,3.7*,,"3.8* (1.6, 8.7)"
2010,UHF42,409,4,Southeast Queens,2.1*,,"2* (0.8, 5.1)"
2010,UHF42,410,4,Rockaways,6.6*,,"6.4* (3.1, 12.7)"
2010,UHF42,501,4,Port Richmond,6*,,"6.1* (2.7, 13.3)"
2010,UHF42,502,4,Stapleton - St. George,6*,,"6.1* (2.7, 13.3)"
2010,UHF42,503,4,Willowbrook,3.9,,"3.9 (2.2, 6.8)"
2010,UHF42,504,4,South Beach - Tottenville,3.9,,"3.9 (2.2, 6.8)"
2009,UHF42,101,4,Kingsbridge - Riverdale,"6.7* (3.1, 13.8)",,"6.1* (2.9, 12.3)"
2009,UHF42,102,4,Northeast Bronx,"5.7* (2.3, 13.3)",,"5* (2.0, 12.0)"
2009,UHF42,103,4,Fordham - Bronx Pk,"8.5* (4.9, 14.4)",,"9.2* (5.0, 16.2)"
2009,UHF42,104,4,Pelham - Throgs Neck,"6.2 (3.9, 9.7)",,"6.3 (3.9, 9.9)"
2009,UHF42,105,4,Crotona -Tremont,"6.5 (4.6, 9.2)",,"6.4 (4.4, 9.4)"
2009,UHF42,106,4,High Bridge - Morrisania,"6.5 (4.6, 9.2)",,"6.4 (4.4, 9.4)"
2009,UHF42,107,4,Hunts Point - Mott Haven,"6.5 (4.6, 9.2)",,"6.4 (4.4, 9.4)"
2009,UHF42,201,4,Greenpoint,"7.5* (3.8, 14.4)",,"7.3* (3.6, 14.4)"
2009,UHF42,202,4,Downtown - Heights - Slope,"6.7* (3.6, 12.1)",,"7* (3.6, 13.4)"
2009,UHF42,203,4,Bedford Stuyvesant - Crown Heights,"6* (2.7, 12.9)",,"6.2* (2.6, 13.8)"
2009,UHF42,204,4,East New York,"5.8* (2.3, 13.6)",,-
2009,UHF42,205,4,Sunset Park,"2.7* (1.1, 6.6)",,"2.4* (0.9, 6.2)"
2009,UHF42,206,4,Borough Park,"0.8* (0.3, 2.8)",,"0.9* (0.3, 2.9)"
2009,UHF42,207,4,East Flatbush - Flatbush,"1.4* (0.4, 4.8)",,"1.2* (0.4, 3.8)"
2009,UHF42,208,4,Canarsie - Flatlands,"2.3* (1.0, 5.0)",,"2.3* (1.1, 4.9)"
2009,UHF42,209,4,Bensonhurst - Bay Ridge,"3.5* (1.5, 8.2)",,"3.5* (1.4, 8.5)"
2009,UHF42,210,4,Coney Island - Sheepshead Bay,"3.5* (1.6, 7.6)",,"3.4* (1.6, 7.4)"
2009,UHF42,211,4,Williamsburg - Bushwick,"7.3* (4.1, 12.8)",,"6.9* (3.7, 12.5)"
2009,UHF42,301,4,Washington Heights,"2.6* (1.2, 5.7)",,"3.1* (1.3, 6.8)"
2009,UHF42,302,4,Central Harlem - Morningside Heights,"4.5* (2.3, 8.6)",,"4.5* (2.3, 8.8)"
2009,UHF42,303,4,East Harlem,-,,-
2009,UHF42,304,4,Upper West Side,"1.8* (0.8, 3.6)",,"1.6* (0.8, 3.3)"
2009,UHF42,305,4,Upper East Side,"2.5* (0.9, 6.6)",,-
2009,UHF42,306,4,Chelsea - Clinton,"1.3* (0.5, 3.2)",,"1.1* (0.5, 2.7)"
2009,UHF42,307,4,Gramercy Park - Murray Hill,"2.5* (0.9, 6.6)",,-
2009,UHF42,308,4,Greenwich Village - SoHo,"1.3* (0.5, 3.2)",,"1.1* (0.5, 2.7)"
2009,UHF42,309,4,Union Square - Lower East Side,"3.3 (1.8, 5.8)",,"3 (1.7, 5.4)"
2009,UHF42,310,4,Lower Manhattan,"3.3 (1.8, 5.8)",,"3 (1.7, 5.4)"
2009,UHF42,401,4,Long Island City - Astoria,"2.9* (1.2, 6.6)",,"2.7* (1.2, 6.3)"
2009,UHF42,402,4,West Queens,"1.5* (0.7, 3.2)",,"1.2* (0.6, 2.6)"
2009,UHF42,403,4,Flushing - Clearview,"5.1* (2.6, 9.8)",,"5.5* (2.7, 10.8)"
2009,UHF42,404,4,Bayside - Little Neck,"4.8* (2.2, 10.0)",,"4.5* (2.2, 9.1)"
2009,UHF42,405,4,Ridgewood - Forest Hills,"3.3* (1.4, 7.8)",,"3.5* (1.4, 8.3)"
2009,UHF42,406,4,Fresh Meadows,"4.8* (2.2, 10.0)",,"4.5* (2.2, 9.1)"
2009,UHF42,407,4,Southwest Queens,"8.2* (4.5, 14.5)",,"8.6* (4.6, 15.4)"
2009,UHF42,408,4,Jamaica,"3.5* (1.5, 7.9)",,"3.5* (1.5, 7.9)"
2009,UHF42,409,4,Southeast Queens,"2.5* (1.0, 6.3)",,"2.4* (1.0, 5.7)"
2009,UHF42,410,4,Rockaways,"11.5* (5.5, 22.4)",,"10.7* (5.4, 20.1)"
2009,UHF42,501,4,Port Richmond,"5.7 (3.5, 9.1)",,"5.8 (3.6, 9.3)"
2009,UHF42,502,4,Stapleton - St. George,"5.7 (3.5, 9.1)",,"5.8 (3.6, 9.3)"
2009,UHF42,503,4,Willowbrook,"2.8* (1.4, 5.3)",,"3.1* (1.6, 6.0)"
2009,UHF42,504,4,South Beach - Tottenville,"2.8* (1.4, 5.3)",,"3.1* (1.6, 6.0)"
2008,UHF42,101,4,Kingsbridge - Riverdale,"4.7* (2.3, 9.7)",,"5.1* (2.5, 10.2)"
2008,UHF42,102,4,Northeast Bronx,"4.3* (2.0, 8.8)",,"4.2* (2.0, 8.6)"
2008,UHF42,103,4,Fordham - Bronx Pk,"12 (6.9, 20.0)",,"12.9 (7.1, 22.5)"
2008,UHF42,104,4,Pelham - Throgs Neck,"6.7* (3.3, 13.3)",,"6.6* (3.0, 13.7)"
2008,UHF42,105,4,Crotona -Tremont,"9 (6.1, 13.0)",,"9.2 (6.0, 13.7)"
2008,UHF42,106,4,High Bridge - Morrisania,"9 (6.1, 13.0)",,"9.2 (6.0, 13.7)"
2008,UHF42,107,4,Hunts Point - Mott Haven,"9 (6.1, 13.0)",,"9.2 (6.0, 13.7)"
2008,UHF42,201,4,Greenpoint,"5.3* (2.1, 12.6)",,"4.8* (1.9, 11.4)"
2008,UHF42,202,4,Downtown - Heights - Slope,"3.5* (1.4, 8.7)",,"3.5* (1.4, 8.6)"
2008,UHF42,203,4,Bedford Stuyvesant - Crown Heights,"3.1* (1.2, 7.5)",,"3.3* (1.3, 8.1)"
2008,UHF42,204,4,East New York,"4.1* (1.9, 8.6)",,"4.2* (1.9, 9.0)"
2008,UHF42,205,4,Sunset Park,-,,-
2008,UHF42,206,4,Borough Park,"3.5* (1.5, 7.7)",,"3.5* (1.5, 7.9)"
2008,UHF42,207,4,East Flatbush - Flatbush,"3.9* (1.7, 8.4)",,"3.9* (1.7, 8.8)"
2008,UHF42,208,4,Canarsie - Flatlands,"3* (1.2, 7.5)",,"3* (1.2, 7.3)"
2008,UHF42,209,4,Bensonhurst - Bay Ridge,-,,-
2008,UHF42,210,4,Coney Island - Sheepshead Bay,"4.6* (2.1, 9.6)",,"4.9* (2.4, 9.7)"
2008,UHF42,211,4,Williamsburg - Bushwick,"3.3* (1.6, 6.7)",,"3* (1.5, 5.9)"
2008,UHF42,301,4,Washington Heights,"5.7* (2.4, 13.1)",,"5.7* (2.3, 13.7)"
2008,UHF42,302,4,Central Harlem - Morningside Heights,"5.9* (2.8, 11.8)",,"5.6* (2.6, 11.6)"
2008,UHF42,303,4,East Harlem,"12.6* (6.9, 22.0)",,"15* (7.9, 26.5)"
2008,UHF42,304,4,Upper West Side,"6* (2.8, 12.1)",,"7.1* (3.2, 15.2)"
2008,UHF42,305,4,Upper East Side,"4.2* (2.0, 8.8)",,"4.1* (1.8, 8.7)"
2008,UHF42,306,4,Chelsea - Clinton,"7.4* (3.3, 15.8)",,"6.9* (3.5, 13.2)"
2008,UHF42,307,4,Gramercy Park - Murray Hill,"4.2* (2.0, 8.8)",,"4.1* (1.8, 8.7)"
2008,UHF42,308,4,Greenwich Village - SoHo,"7.4* (3.3, 15.8)",,"6.9* (3.5, 13.2)"
2008,UHF42,309,4,Union Square - Lower East Side,"4.2* (2.2, 7.8)",,"3.8* (2.0, 7.2)"
2008,UHF42,310,4,Lower Manhattan,"4.2* (2.2, 7.8)",,"3.8* (2.0, 7.2)"
2008,UHF42,401,4,Long Island City - Astoria,"3.4* (1.5, 7.4)",,"3.8* (1.6, 8.3)"
2008,UHF42,402,4,West Queens,"4* (2.1, 7.5)",,"4.1* (2.1, 7.9)"
2008,UHF42,403,4,Flushing - Clearview,"2.6* (1.0, 6.6)",,"2.7* (1.0, 6.6)"
2008,UHF42,404,4,Bayside - Little Neck,"2* (0.8, 5.1)",,"2.1* (0.8, 5.2)"
2008,UHF42,405,4,Ridgewood - Forest Hills,"12.1* (7.1, 19.9)",,"10.9* (5.9, 19.3)"
2008,UHF42,406,4,Fresh Meadows,"2* (0.8, 5.1)",,"2.1* (0.8, 5.2)"
2008,UHF42,407,4,Southwest Queens,"4.4* (2.1, 9.1)",,"5.2* (2.3, 11.3)"
2008,UHF42,408,4,Jamaica,"5.6* (2.5, 11.9)",,"5.9* (2.5, 13.2)"
2008,UHF42,409,4,Southeast Queens,-,,-
2008,UHF42,410,4,Rockaways,"4.2* (1.9, 8.9)",,"4.1* (1.9, 8.7)"
2008,UHF42,501,4,Port Richmond,"1.8* (0.6, 4.8)",,"1.5* (0.6, 3.7)"
2008,UHF42,502,4,Stapleton - St. George,"1.8* (0.6, 4.8)",,"1.5* (0.6, 3.7)"
2008,UHF42,503,4,Willowbrook,"6.9 (4.1, 11.2)",,"7.4 (4.4, 12.1)"
2008,UHF42,504,4,South Beach - Tottenville,"6.9 (4.1, 11.2)",,"7.4 (4.4, 12.1)"
2007,UHF42,101,4,Kingsbridge - Riverdale,"3.5* (1.6, 7.2)",,"3.5* (1.6, 7.4)"
2007,UHF42,102,4,Northeast Bronx,"2.3* (1.0, 5.1)",,"2.2* (1.0, 5.0)"
2007,UHF42,103,4,Fordham - Bronx Pk,"2.1* (1.0, 4.3)",,"2* (0.9, 4.4)"
2007,UHF42,104,4,Pelham - Throgs Neck,"6.3 (3.6, 11.0)",,"6.2 (3.5, 10.9)"
2007,UHF42,105,4,Crotona -Tremont,"7.4 (5.5, 10.0)",,"7.3 (5.3, 10.0)"
2007,UHF42,106,4,High Bridge - Morrisania,"7.4 (5.5, 10.0)",,"7.3 (5.3, 10.0)"
2007,UHF42,107,4,Hunts Point - Mott Haven,"7.4 (5.5, 10.0)",,"7.3 (5.3, 10.0)"
2007,UHF42,201,4,Greenpoint,"7.9* (3.5, 16.7)",,"7.3* (3.1, 16.2)"
2007,UHF42,202,4,Downtown - Heights - Slope,"4.3* (2.1, 8.5)",,"4.7* (2.2, 9.7)"
2007,UHF42,203,4,Bedford Stuyvesant - Crown Heights,"5 (3.2, 7.8)",,"5.2 (3.3, 8.0)"
2007,UHF42,204,4,East New York,"3.1* (1.4, 6.9)",,"2.8* (1.3, 6.2)"
2007,UHF42,205,4,Sunset Park,-,,-
2007,UHF42,206,4,Borough Park,"2* (1.0, 4.0)",,"2* (1.0, 4.1)"
2007,UHF42,207,4,East Flatbush - Flatbush,"3.9* (2.0, 7.5)",,"4.1* (2.0, 8.1)"
2007,UHF42,208,4,Canarsie - Flatlands,"2.5* (1.1, 5.8)",,"2.5* (1.1, 5.9)"
2007,UHF42,209,4,Bensonhurst - Bay Ridge,"4.5* (2.3, 8.8)",,"4.4* (2.2, 8.7)"
2007,UHF42,210,4,Coney Island - Sheepshead Bay,"4.5* (2.4, 8.2)",,"5.1* (2.8, 9.3)"
2007,UHF42,211,4,Williamsburg - Bushwick,"3.6* (1.9, 6.9)",,"3.1* (1.6, 6.1)"
2007,UHF42,301,4,Washington Heights,"3.8* (2.0, 7.2)",,"3.6* (1.9, 6.9)"
2007,UHF42,302,4,Central Harlem - Morningside Heights,"6.5 (3.9, 10.6)",,"6.5 (3.7, 11.0)"
2007,UHF42,303,4,East Harlem,"5.8* (2.9, 11.5)",,"5.9* (2.7, 12.7)"
2007,UHF42,304,4,Upper West Side,"3.3* (1.5, 7.0)",,"3.3* (1.5, 7.3)"
2007,UHF42,305,4,Upper East Side,"3.1* (1.6, 5.8)",,"3.3* (1.7, 6.4)"
2007,UHF42,306,4,Chelsea - Clinton,"4.2* (2.3, 7.5)",,"4.6* (2.4, 8.8)"
2007,UHF42,307,4,Gramercy Park - Murray Hill,"3.1* (1.6, 5.8)",,"3.3* (1.7, 6.4)"
2007,UHF42,308,4,Greenwich Village - SoHo,"4.2* (2.3, 7.5)",,"4.6* (2.4, 8.8)"
2007,UHF42,309,4,Union Square - Lower East Side,"6.4 (3.8, 10.6)",,"6.7 (3.9, 11.4)"
2007,UHF42,310,4,Lower Manhattan,"6.4 (3.8, 10.6)",,"6.7 (3.9, 11.4)"
2007,UHF42,401,4,Long Island City - Astoria,"6.1 (3.5, 10.6)",,"6.3 (3.5, 11.1)"
2007,UHF42,402,4,West Queens,"2.9* (1.6, 5.2)",,"3* (1.6, 5.5)"
2007,UHF42,403,4,Flushing - Clearview,"2.5* (1.0, 6.1)",,"2.6* (1.0, 6.4)"
2007,UHF42,404,4,Bayside - Little Neck,"3* (1.5, 5.8)",,"3.1* (1.6, 6.1)"
2007,UHF42,405,4,Ridgewood - Forest Hills,"4.3* (1.6, 10.9)",,"3.9* (1.5, 9.9)"
2007,UHF42,406,4,Fresh Meadows,"3* (1.5, 5.8)",,"3.1* (1.6, 6.1)"
2007,UHF42,407,4,Southwest Queens,"6.9* (3.8, 12.4)",,"6.9* (3.7, 12.6)"
2007,UHF42,408,4,Jamaica,"5.1 (3.0, 8.5)",,"5 (2.9, 8.4)"
2007,UHF42,409,4,Southeast Queens,"3.5* (1.7, 7.1)",,"3.4* (1.7, 7.0)"
2007,UHF42,410,4,Rockaways,"1.9* (0.6, 6.2)",,"1.9* (0.6, 6.2)"
2007,UHF42,501,4,Port Richmond,"6.8 (3.9, 11.4)",,"6.8 (3.9, 11.6)"
2007,UHF42,502,4,Stapleton - St. George,"6.8 (3.9, 11.4)",,"6.8 (3.9, 11.6)"
2007,UHF42,503,4,Willowbrook,"4.3* (2.4, 7.7)",,"4.4 (2.4, 7.8)"
2007,UHF42,504,4,South Beach - Tottenville,"4.3* (2.4, 7.7)",,"4.4 (2.4, 7.8)"
2006,UHF42,101,4,Kingsbridge - Riverdale,"4.4* (2.1, 9.2)",,"4.3* (2.0, 9.1)"
2006,UHF42,102,4,Northeast Bronx,"3.2* (1.5, 6.7)",,"3.2* (1.5, 6.7)"
2006,UHF42,103,4,Fordham - Bronx Pk,"7.4* (4.1, 12.8)",,"7.7* (3.9, 14.4)"
2006,UHF42,104,4,Pelham - Throgs Neck,"9 (5.3, 15.0)",,"8.9 (5.1, 15.2)"
2006,UHF42,105,4,Crotona -Tremont,"8.8 (6.5, 11.7)",,"8.8 (6.5, 12.0)"
2006,UHF42,106,4,High Bridge - Morrisania,"8.8 (6.5, 11.7)",,"8.8 (6.5, 12.0)"
2006,UHF42,107,4,Hunts Point - Mott Haven,"8.8 (6.5, 11.7)",,"8.8 (6.5, 12.0)"
2006,UHF42,201,4,Greenpoint,"8* (3.8, 16.1)",,"7.8* (3.5, 16.6)"
2006,UHF42,202,4,Downtown - Heights - Slope,"6.4 (3.9, 10.4)",,"6.8 (4.1, 11.1)"
2006,UHF42,203,4,Bedford Stuyvesant - Crown Heights,"7.7 (5.4, 10.9)",,"7.7 (5.4, 10.8)"
2006,UHF42,204,4,East New York,"6.6 (3.9, 11.0)",,"6.2 (3.6, 10.4)"
2006,UHF42,205,4,Sunset Park,"5.4* (2.3, 12.2)",,"5.4* (2.3, 12.0)"
2006,UHF42,206,4,Borough Park,"2.7* (1.4, 5.3)",,"2.8* (1.4, 5.5)"
2006,UHF42,207,4,East Flatbush - Flatbush,"3.8 (2.2, 6.3)",,"3.8 (2.2, 6.3)"
2006,UHF42,208,4,Canarsie - Flatlands,-,,-
2006,UHF42,209,4,Bensonhurst - Bay Ridge,"3.5 (2.0, 5.9)",,"3.8 (2.2, 6.5)"
2006,UHF42,210,4,Coney Island - Sheepshead Bay,"3.5* (1.7, 7.1)",,"3.4* (1.8, 6.7)"
2006,UHF42,211,4,Williamsburg - Bushwick,"5.8 (3.5, 9.4)",,"6 (3.6, 9.9)"
2006,UHF42,301,4,Washington Heights,"4.9* (2.4, 9.6)",,"5* (2.3, 10.2)"
2006,UHF42,302,4,Central Harlem - Morningside Heights,"10.7 (6.7, 16.6)",,"10.5 (6.3, 16.8)"
2006,UHF42,303,4,East Harlem,"7.6* (4.2, 13.4)",,"6.7* (3.4, 12.6)"
2006,UHF42,304,4,Upper West Side,"9.8* (3.6, 23.8)",,"6.8* (2.8, 15.6)"
2006,UHF42,305,4,Upper East Side,"8.4 (4.7, 14.7)",,"7.1 (4.1, 11.9)"
2006,UHF42,306,4,Chelsea - Clinton,"4.3 (2.5, 7.3)",,"4.4 (2.5, 7.6)"
2006,UHF42,307,4,Gramercy Park - Murray Hill,"8.4 (4.7, 14.7)",,"7.1 (4.1, 11.9)"
2006,UHF42,308,4,Greenwich Village - SoHo,"4.3 (2.5, 7.3)",,"4.4 (2.5, 7.6)"
2006,UHF42,309,4,Union Square - Lower East Side,"6.8 (4.3, 10.6)",,"6.5 (4.0, 10.4)"
2006,UHF42,310,4,Lower Manhattan,"6.8 (4.3, 10.6)",,"6.5 (4.0, 10.4)"
2006,UHF42,401,4,Long Island City - Astoria,"3.4 (1.9, 5.8)",,"3.5 (2.0, 6.2)"
2006,UHF42,402,4,West Queens,"2.3* (1.0, 5.2)",,"2.5* (1.0, 5.7)"
2006,UHF42,403,4,Flushing - Clearview,"4.6* (2.1, 10.0)",,"4.4* (2.0, 9.5)"
2006,UHF42,404,4,Bayside - Little Neck,"2.9* (1.2, 7.0)",,"2.8* (1.1, 6.7)"
2006,UHF42,405,4,Ridgewood - Forest Hills,"5.5* (2.5, 11.8)",,"5.1* (2.3, 10.9)"
2006,UHF42,406,4,Fresh Meadows,"2.9* (1.2, 7.0)",,"2.8* (1.1, 6.7)"
2006,UHF42,407,4,Southwest Queens,"1.7* (0.7, 3.8)",,"1.7* (0.8, 4.0)"
2006,UHF42,408,4,Jamaica,"5.2 (2.9, 8.9)",,"5.1 (2.9, 8.7)"
2006,UHF42,409,4,Southeast Queens,"4.4 (2.5, 7.4)",,"4.3 (2.5, 7.3)"
2006,UHF42,410,4,Rockaways,"7.5* (3.3, 16.1)",,"7.3* (2.8, 17.8)"
2006,UHF42,501,4,Port Richmond,"5.4 (3.3, 8.8)",,"5.5 (3.4, 8.9)"
2006,UHF42,502,4,Stapleton - St. George,"5.4 (3.3, 8.8)",,"5.5 (3.4, 8.9)"
2006,UHF42,503,4,Willowbrook,"2.9* (1.5, 5.7)",,"3.1* (1.5, 6.1)"
2006,UHF42,504,4,South Beach - Tottenville,"2.9* (1.5, 5.7)",,"3.1* (1.5, 6.1)"
2004,UHF42,101,4,Kingsbridge - Riverdale,"6.8* (2.7, 16.1)",,"5.8* (2.3, 13.8)"
2004,UHF42,102,4,Northeast Bronx,"4.1* (2.2, 7.6)",,"4.2* (2.2, 7.7)"
2004,UHF42,103,4,Fordham - Bronx Pk,"7.5 (4.8, 11.6)",,"7 (4.4, 10.8)"
2004,UHF42,104,4,Pelham - Throgs Neck,"6.9 (4.1, 11.4)",,"6.8 (4.0, 11.4)"
2004,UHF42,105,4,Crotona -Tremont,"10.2 (7.2, 14.1)",,"10 (7.1, 13.9)"
2004,UHF42,106,4,High Bridge - Morrisania,"10.2 (7.2, 14.1)",,"10 (7.1, 13.9)"
2004,UHF42,107,4,Hunts Point - Mott Haven,"10.2 (7.2, 14.1)",,"10 (7.1, 13.9)"
2004,UHF42,201,4,Greenpoint,"3.5* (1.7, 7.0)",,"3.7* (1.8, 7.6)"
2004,UHF42,202,4,Downtown - Heights - Slope,"8.8 (5.3, 14.3)",,"8.9 (5.3, 14.5)"
2004,UHF42,203,4,Bedford Stuyvesant - Crown Heights,"4.6* (2.4, 8.9)",,"4.8* (2.4, 9.6)"
2004,UHF42,204,4,East New York,"7.4 (4.9, 11.2)",,"8 (5.3, 12.1)"
2004,UHF42,205,4,Sunset Park,"3.2* (1.7, 5.9)",,"3* (1.6, 5.5)"
2004,UHF42,206,4,Borough Park,"3.2* (1.7, 6.1)",,"3.2* (1.7, 5.9)"
2004,UHF42,207,4,East Flatbush - Flatbush,"7.4 (4.6, 11.6)",,"7.3 (4.6, 11.5)"
2004,UHF42,208,4,Canarsie - Flatlands,"3.9* (1.9, 7.8)",,"3.8* (1.8, 7.6)"
2004,UHF42,209,4,Bensonhurst - Bay Ridge,"3.8* (2.0, 7.0)",,"3.8* (2.0, 7.0)"
2004,UHF42,210,4,Coney Island - Sheepshead Bay,"4.5* (2.4, 8.2)",,"4.4* (2.4, 8.0)"
2004,UHF42,211,4,Williamsburg - Bushwick,"10.3 (6.5, 16.0)",,"10.1 (6.2, 16.0)"
2004,UHF42,301,4,Washington Heights,"5.5* (3.0, 9.8)",,"5.4* (2.9, 9.7)"
2004,UHF42,302,4,Central Harlem - Morningside Heights,"3.9* (2.1, 7.3)",,"3.9* (2.0, 7.3)"
2004,UHF42,303,4,East Harlem,"8.6 (5.1, 14.1)",,"8.8 (4.9, 15.2)"
2004,UHF42,304,4,Upper West Side,"4.1* (2.1, 7.9)",,"4* (2.0, 7.7)"
2004,UHF42,305,4,Upper East Side,"2.9* (1.4, 5.8)",,"2.9* (1.4, 5.7)"
2004,UHF42,306,4,Chelsea - Clinton,"2.7* (1.3, 5.6)",,"2.7* (1.2, 5.9)"
2004,UHF42,307,4,Gramercy Park - Murray Hill,"2.9* (1.4, 5.8)",,"2.9* (1.4, 5.7)"
2004,UHF42,308,4,Greenwich Village - SoHo,"2.7* (1.3, 5.6)",,"2.7* (1.2, 5.9)"
2004,UHF42,309,4,Union Square - Lower East Side,"5.1 (3.0, 8.6)",,"5 (2.8, 8.7)"
2004,UHF42,310,4,Lower Manhattan,"5.1 (3.0, 8.6)",,"5 (2.8, 8.7)"
2004,UHF42,401,4,Long Island City - Astoria,"4* (1.8, 8.5)",,"3.6* (1.7, 7.7)"
2004,UHF42,402,4,West Queens,"2* (0.9, 4.2)",,"2* (1.0, 4.2)"
2004,UHF42,403,4,Flushing - Clearview,"4.2* (2.2, 7.6)",,"4.2* (2.2, 7.8)"
2004,UHF42,404,4,Bayside - Little Neck,"4.5* (1.8, 10.7)",,"3.9* (1.6, 9.2)"
2004,UHF42,405,4,Ridgewood - Forest Hills,"2.5* (1.2, 4.9)",,"2.5* (1.2, 4.9)"
2004,UHF42,406,4,Fresh Meadows,"4.5* (1.8, 10.7)",,"3.9* (1.6, 9.2)"
2004,UHF42,407,4,Southwest Queens,"3.9* (2.0, 7.5)",,"4.1* (2.0, 8.0)"
2004,UHF42,408,4,Jamaica,"3.7* (1.9, 7.0)",,"4.2* (2.3, 7.7)"
2004,UHF42,409,4,Southeast Queens,"2.9* (1.5, 5.6)",,"2.9* (1.5, 5.6)"
2004,UHF42,410,4,Rockaways,"4.6 (2.5, 8.1)",,"4.4 (2.5, 7.9)"
2004,UHF42,501,4,Port Richmond,"4.1* (2.2, 7.7)",,"4.2* (2.2, 7.8)"
2004,UHF42,502,4,Stapleton - St. George,"4.1* (2.2, 7.7)",,"4.2* (2.2, 7.8)"
2004,UHF42,503,4,Willowbrook,"5.9 (3.4, 10.0)",,"5.7 (3.3, 9.7)"
2004,UHF42,504,4,South Beach - Tottenville,"5.9 (3.4, 10.0)",,"5.7 (3.3, 9.7)"
2003,UHF42,101,4,Kingsbridge - Riverdale,"5.1 (2.9, 9.1)",,"5 (2.8, 8.7)"
2003,UHF42,102,4,Northeast Bronx,"5.9 (3.3, 10.5)",,"5.1 (2.9, 8.9)"
2003,UHF42,103,4,Fordham - Bronx Pk,"4.8 (2.8, 8.0)",,"4.6 (2.7, 7.8)"
2003,UHF42,104,4,Pelham - Throgs Neck,"6.1 (3.7, 9.9)",,"6.3 (3.9, 10.1)"
2003,UHF42,105,4,Crotona -Tremont,"8.8 (6.2, 12.2)",,"8.3 (6.0, 11.6)"
2003,UHF42,106,4,High Bridge - Morrisania,"8.8 (6.2, 12.2)",,"8.3 (6.0, 11.6)"
2003,UHF42,107,4,Hunts Point - Mott Haven,"8.8 (6.2, 12.2)",,"8.3 (6.0, 11.6)"
2003,UHF42,201,4,Greenpoint,"3.1* (1.6, 5.8)",,"3.3* (1.7, 6.1)"
2003,UHF42,202,4,Downtown - Heights - Slope,"6.5* (3.7, 11.2)",,"6* (3.3, 10.8)"
2003,UHF42,203,4,Bedford Stuyvesant - Crown Heights,"5.9 (3.4, 10.0)",,"6.3 (3.7, 10.5)"
2003,UHF42,204,4,East New York,"5.7 (3.4, 9.4)",,"5.9 (3.6, 9.3)"
2003,UHF42,205,4,Sunset Park,"5.9* (3.1, 10.9)",,"5.4* (2.9, 9.6)"
2003,UHF42,206,4,Borough Park,"3.9 (2.3, 6.5)",,"4 (2.4, 6.7)"
2003,UHF42,207,4,East Flatbush - Flatbush,"2* (1.0, 4.0)",,"2.2* (1.1, 4.4)"
2003,UHF42,208,4,Canarsie - Flatlands,"3.8* (1.9, 7.3)",,"3* (1.6, 5.7)"
2003,UHF42,209,4,Bensonhurst - Bay Ridge,"2* (1.0, 4.0)",,"2.1* (1.1, 4.2)"
2003,UHF42,210,4,Coney Island - Sheepshead Bay,"2.7* (1.3, 5.5)",,"2.8* (1.4, 5.7)"
2003,UHF42,211,4,Williamsburg - Bushwick,"9.5 (5.8, 15.1)",,"8.1 (5.5, 11.7)"
2003,UHF42,301,4,Washington Heights,"3.4* (1.6, 7.1)",,"3.1* (1.5, 6.5)"
2003,UHF42,302,4,Central Harlem - Morningside Heights,"8.9 (5.5, 13.9)",,"8.4 (5.3, 13.1)"
2003,UHF42,303,4,East Harlem,"7.9 (4.8, 12.8)",,"6.9 (4.3, 10.9)"
2003,UHF42,304,4,Upper West Side,"3.8* (1.6, 9.1)",,"3.5* (1.5, 7.9)"
2003,UHF42,305,4,Upper East Side,"4.5* (2.4, 8.4)",,"4.5* (2.4, 8.2)"
2003,UHF42,306,4,Chelsea - Clinton,"5* (2.2, 11.0)",,"5.4* (2.6, 11.1)"
2003,UHF42,307,4,Gramercy Park - Murray Hill,"4.5* (2.4, 8.4)",,"4.5* (2.4, 8.2)"
2003,UHF42,308,4,Greenwich Village - SoHo,"5* (2.2, 11.0)",,"5.4* (2.6, 11.1)"
2003,UHF42,309,4,Union Square - Lower East Side,"4.5 (2.6, 7.7)",,"3.5 (2.2, 5.7)"
2003,UHF42,310,4,Lower Manhattan,"4.5 (2.6, 7.7)",,"3.5 (2.2, 5.7)"
2003,UHF42,401,4,Long Island City - Astoria,"3.4* (1.8, 6.5)",,"3.7* (1.6, 8.1)"
2003,UHF42,402,4,West Queens,"5.2 (3.1, 8.7)",,"5.4 (3.3, 8.9)"
2003,UHF42,403,4,Flushing - Clearview,"2.4* (1.1, 4.9)",,"2.5* (1.2, 5.1)"
2003,UHF42,404,4,Bayside - Little Neck,"3.9* (2.1, 7.4)",,"4* (2.1, 7.5)"
2003,UHF42,405,4,Ridgewood - Forest Hills,"3.2* (1.7, 5.9)",,"3.5* (1.8, 6.5)"
2003,UHF42,406,4,Fresh Meadows,"3.9* (2.1, 7.4)",,"4* (2.1, 7.5)"
2003,UHF42,407,4,Southwest Queens,"3.2* (1.7, 6.2)",,"2.9* (1.5, 5.4)"
2003,UHF42,408,4,Jamaica,"4.8* (2.7, 8.6)",,"5* (2.7, 8.8)"
2003,UHF42,409,4,Southeast Queens,"2.2* (1.0, 4.7)",,"2.3* (1.0, 4.9)"
2003,UHF42,410,4,Rockaways,"5.8 (3.4, 9.9)",,"6 (3.5, 10.0)"
2003,UHF42,501,4,Port Richmond,"6.6 (3.8, 11.2)",,"6.2 (3.6, 10.4)"
2003,UHF42,502,4,Stapleton - St. George,"6.6 (3.8, 11.2)",,"6.2 (3.6, 10.4)"
2003,UHF42,503,4,Willowbrook,"2.3* (1.1, 4.6)",,"2.4* (1.2, 4.9)"
2003,UHF42,504,4,South Beach - Tottenville,"2.3* (1.1, 4.6)",,"2.4* (1.2, 4.9)"
2020,Borough,1,1,Bronx,"5.2 (3.7,7.3)",51000,"5 (3.5,7.0)"
2020,Borough,2,1,Brooklyn,"3.8 (2.9,4.9)",73000,"3.8 (2.9,4.9)"
2020,Borough,3,1,Manhattan,"4.3 (3.1,5.7)",56000,"4.2 (3.1,5.7)"
2020,Borough,4,1,Queens,"2.6 (1.7,4.0)",46000,"2.6 (1.7,3.9)"
2020,Borough,5,1,Staten Island,"4.2 (2.4,7.1)",16000,"4.3 (2.5,7.3)"
2019,Borough,1,1,Bronx,"6.1 (4.5,8.3)",64000,"6.1 (4.5,8.4)"
2019,Borough,2,1,Brooklyn,"5.3 (4.1,6.7)",103000,"5.3 (4.1,6.7)"
2019,Borough,3,1,Manhattan,"4.5 (3.1,6.6)",61000,"4.6 (3.1,6.8)"
2019,Borough,4,1,Queens,"2.7 (1.8,3.8)",48000,"2.7 (1.8,3.8)"
2019,Borough,5,1,Staten Island,"4.5* (2.3,8.6)",18000*,"4.8* (2.5,9.2)"
2018,Borough,1,1,Bronx,"6.6 (5.1,8.5)",71000,"6.6 (5.1,8.4)"
2018,Borough,2,1,Brooklyn,"3.6 (2.7,4.7)",72000,"3.6 (2.7,4.7)"
2018,Borough,3,1,Manhattan,"5.4 (4.0,7.1)",73000,"5.4 (4.0,7.2)"
2018,Borough,4,1,Queens,"3.7 (2.6,5.1)",68000,"3.7 (2.7,5.1)"
2018,Borough,5,1,Staten Island,"2.5* (1.1,5.4)",9000*,"2.5* (1.2,5.2)"
2017,Borough,1,1,Bronx,"6.8 (5.4,8.5)",74000,"7 (5.5,8.8)"
2017,Borough,2,1,Brooklyn,"3.7 (2.9,4.6)",73000,"3.7 (2.9,4.6)"
2017,Borough,3,1,Manhattan,"4.6 (3.3,6.2)",61000,"4.5 (3.3,6.2)"
2017,Borough,4,1,Queens,"3.9 (2.9,5.3)",76000,"4.1 (3.1,5.5)"
2017,Borough,5,1,Staten Island,"1.7* (0.9,3.3)",6000*,"1.6* (0.8,3.0)"
2016,Borough,1,1,Bronx,"6.2 (4.7,8.1)",66000,"6.3 (4.7,8.2)"
2016,Borough,2,1,Brooklyn,"4 (3.1,5.1)",78000,"3.9 (3.0,5.1)"
2016,Borough,3,1,Manhattan,"4.1 (2.8,6.0)",55000,"4.1 (2.8,5.9)"
2016,Borough,4,1,Queens,"5 (3.6,6.9)",91000,"5 (3.6,6.9)"
2016,Borough,5,1,Staten Island,"6.3 (3.6,10.6)",22000,"6.2 (3.6,10.6)"
2015,Borough,1,1,Bronx,"7.7 (6.5,9.3)",81000,"7.8 (6.5,9.4)"
2015,Borough,2,1,Brooklyn,"5.3 (4.4,6.5)",106000,"5.4 (4.5,6.6)"
2015,Borough,3,1,Manhattan,"6.1 (4.8,7.7)",81000,"6.1 (4.8,7.8)"
2015,Borough,4,1,Queens,"5.4 (4.2,6.9)",99000,"5.5 (4.3,7.0)"
2015,Borough,5,1,Staten Island,"5.6 (3.3,9.1)",21000,"5.8 (3.6,9.3)"
2014,Borough,1,1,Bronx,"4.7 (3.5,6.3)",48000,"4.7 (3.5,6.3)"
2014,Borough,2,1,Brooklyn,"3 (2.3,3.9)",59000,"3 (2.3,4.0)"
2014,Borough,3,1,Manhattan,"4.1 (3.0,5.6)",55000,"4.2 (3.0,5.7)"
2014,Borough,4,1,Queens,"3.2 (2.4,4.5)",59000,"3.3 (2.4,4.5)"
2014,Borough,5,1,Staten Island,"5 (3.3,7.6)",17000,"4.8 (3.2,7.2)"
2013,Borough,1,1,Bronx,"6.3 (4.8, 8.3)",60000,"6 (4.6, 7.9)"
2013,Borough,2,1,Brooklyn,"4.2 (3.2, 5.3)",79000,"4.1 (3.2, 5.3)"
2013,Borough,3,1,Manhattan,"4.3 (3.2, 5.8)",56000,"4.3 (3.2, 5.7)"
2013,Borough,4,1,Queens,"2.4 (1.8, 3.4)",44000,"2.5 (1.8, 3.4)"
2013,Borough,5,1,Staten Island,"1.9* (0.9, 3.8)",6000*,"1.8* (0.9, 3.5)"
2012,Borough,1,1,Bronx,"7.6 (5.9, 9.8)",76000,"7.7 (6.0, 9.9)"
2012,Borough,2,1,Brooklyn,"4.2 (3.3, 5.5)",82000,"4.3 (3.3, 5.6)"
2012,Borough,3,1,Manhattan,"4.3 (3.1, 5.9)",56000,"4.3 (3.1, 6.1)"
2012,Borough,4,1,Queens,"3.6 (2.7, 4.8)",63000,"3.6 (2.7, 4.8)"
2012,Borough,5,1,Staten Island,"3.7* (1.7, 7.6)",13000*,"3.6* (1.7, 7.3)"
2011,Borough,1,1,Bronx,"7.2 (5.0, 10.1)",69000,"7 (4.9, 9.9)"
2011,Borough,2,1,Brooklyn,"4.6 (3.3, 6.4)",86000,"4.6 (3.3, 6.4)"
2011,Borough,3,1,Manhattan,"3.5 (2.2, 5.6)",44000,"3.4 (2.1, 5.4)"
2011,Borough,4,1,Queens,"3.6 (2.5, 5.2)",64000,"3.7 (2.5, 5.3)"
2011,Borough,5,1,Staten Island,"4.2* (2.1, 8.1)",14000*,"4.1* (2.2, 7.5)"
2010,Borough,1,1,Bronx,"5.9 (4.7, 7.5)",54000,"5.9 (4.6, 7.6)"
2010,Borough,2,1,Brooklyn,"3.1 (2.3, 4.1)",56000,"3.1 (2.3, 4.1)"
2010,Borough,3,1,Manhattan,"4.6 (3.2, 6.7)",56000,"4.4 (3.0, 6.4)"
2010,Borough,4,1,Queens,"2.6 (1.9, 3.4)",44000,"2.6 (1.9, 3.4)"
2010,Borough,5,1,Staten Island,"4.7 (2.8, 7.6)",16000,"4.8 (2.9, 7.8)"
2009,Borough,1,1,Bronx,"6.6 (5.1, 8.3)",61000,"6.6 (5.1, 8.5)"
2009,Borough,2,1,Brooklyn,"4 (3.0, 5.2)",71000,"4 (3.0, 5.2)"
2009,Borough,3,1,Manhattan,"2.7 (1.9, 3.8)",33000,"2.6 (1.8, 3.8)"
2009,Borough,4,1,Queens,"4.1 (3.1, 5.3)",69000,"4 (3.1, 5.2)"
2009,Borough,5,1,Staten Island,"4 (2.6, 6.1)",13000,"4 (2.7, 6.0)"
2008,Borough,1,1,Bronx,"8.1 (6.2, 10.6)",76000,"8.2 (6.1, 10.9)"
2008,Borough,2,1,Brooklyn,"3.9 (3.0, 5.1)",70000,"3.9 (3.0, 5.1)"
2008,Borough,3,1,Manhattan,"6 (4.4, 8.0)",76000,"6 (4.4, 8.0)"
2008,Borough,4,1,Queens,"4.8 (3.6, 6.4)",83000,"4.8 (3.6, 6.4)"
2008,Borough,5,1,Staten Island,"4.8 (3.0, 7.5)",17000,"5 (3.1, 8.0)"
2007,Borough,1,1,Bronx,"5.1 (4.0, 6.5)",46000,"5 (3.9, 6.4)"
2007,Borough,2,1,Brooklyn,"4.2 (3.3, 5.2)",74000,"4.1 (3.3, 5.2)"
2007,Borough,3,1,Manhattan,"4.6 (3.6, 5.8)",57000,"4.5 (3.5, 5.8)"
2007,Borough,4,1,Queens,"4.1 (3.2, 5.2)",71000,"4.1 (3.2, 5.2)"
2007,Borough,5,1,Staten Island,"5.3 (3.5, 8.0)",18000,"5.3 (3.6, 7.9)"
2006,Borough,1,1,Bronx,"7.4 (5.9, 9.3)",69000,"7.4 (5.8, 9.5)"
2006,Borough,2,1,Brooklyn,"5 (4.2, 6.0)",89000,"5 (4.2, 5.9)"
2006,Borough,3,1,Manhattan,"6.5 (5.0, 8.3)",82000,"6.5 (5.0, 8.3)"
2006,Borough,4,1,Queens,"3.8 (2.9, 4.9)",64000,"3.7 (2.9, 4.8)"
2006,Borough,5,1,Staten Island,"3.9 (2.6, 5.9)",13000,"4 (2.6, 6.1)"
2004,Borough,1,1,Bronx,"7.6 (6.1, 9.4)",70000,"7.5 (6.0, 9.4)"
2004,Borough,2,1,Brooklyn,"5.5 (4.6, 6.6)",100000,"5.5 (4.6, 6.6)"
2004,Borough,3,1,Manhattan,"4.3 (3.3, 5.5)",53000,"4.2 (3.3, 5.4)"
2004,Borough,4,1,Queens,"3.3 (2.6, 4.2)",58000,"3.3 (2.6, 4.2)"
2004,Borough,5,1,Staten Island,"5.1 (3.4, 7.8)",17000,"5.1 (3.4, 7.7)"
2003,Borough,1,1,Bronx,"6.7 (5.4, 8.3)",52000,"6.4 (5.2, 7.9)"
2003,Borough,2,1,Brooklyn,"4.4 (3.6, 5.3)",69000,"4.3 (3.6, 5.1)"
2003,Borough,3,1,Manhattan,"4.8 (3.7, 6.3)",51000,"4.6 (3.6, 5.9)"
2003,Borough,4,1,Queens,"3.8 (3.0, 4.7)",60000,"3.9 (3.1, 4.9)"
2003,Borough,5,1,Staten Island,"4 (2.6, 6.2)",11000,"4 (2.6, 6.1)"
2020,Citywide,1,0,New York City,"3.8 (3.2,4.4)",242000,"3.8 (3.2,4.4)"
2019,Citywide,1,0,New York City,"4.5 (3.9,5.3)",293000,"4.5 (3.9,5.3)"
2018,Citywide,1,0,New York City,"4.4 (3.8,5.1)",293000,"4.4 (3.8,5.1)"
2017,Citywide,1,0,New York City,"4.3 (3.8,4.9)",289000,"4.4 (3.8,5.0)"
2016,Citywide,1,0,New York City,"4.8 (4.1,5.5)",313000,"4.8 (4.1,5.5)"
2015,Citywide,1,0,New York City,"5.9 (5.3,6.6)",389000,"6 (5.4,6.6)"
2014,Citywide,1,0,New York City,"3.7 (3.2,4.2)",238000,"3.7 (3.2,4.3)"
2013,Citywide,1,0,New York City,"3.9 (3.4, 4.4)",246000,"3.9 (3.4, 4.4)"
2012,Citywide,1,0,New York City,"4.6 (4.0, 5.2)",290000,"4.6 (4.0, 5.3)"
2011,Citywide,1,0,New York City,"4.4 (3.7, 5.3)",277000,"4.5 (3.7, 5.3)"
2010,Citywide,1,0,New York City,"3.8 (3.3, 4.4)",226000,"3.7 (3.2, 4.3)"
2009,Citywide,1,0,New York City,"4.1 (3.6, 4.7)",248000,"4.1 (3.6, 4.7)"
2008,Citywide,1,0,New York City,"5.3 (4.6, 6.1)",322000,"5.3 (4.6, 6.1)"
2007,Citywide,1,0,New York City,"4.4 (3.9, 5.0)",266000,"4.4 (3.9, 4.9)"
2006,Citywide,1,0,New York City,"5.3 (4.7, 5.9)",318000,"5.3 (4.7, 5.9)"
2004,Citywide,1,0,New York City,"4.9 (4.4, 5.5)",297000,"4.9 (4.4, 5.5)"
2003,Citywide,1,0,New York City,"4.6 (4.2, 5.2)",244000,"4.6 (4.1, 5.1)"
